United Nations	United Nations
Mechanism for International Criminal Tribunals	Mechanism for International Criminal Tribunals
Nations Unies	Nations Unies
STATEMENT	OBRAÆANJE
PRESIDENT	PREDSEDNIK
(Exclusively for the use of the media. Not an official document.)	(Iskljuèivo za medije. Nije zvanièan dokument.)
The Hague, Arusha, 10 December 2014.	Hag, Aruša, 10. decembar 2014.
Address of Judge <CENSORED>, President of the International Criminal Tribunal for the former Yugoslavia And President of the International Residual Mechanism for Criminal Tribunals to the United Nations Security Council 10 December 2014.	Obraæanje sudije <CENSORED>, predsednika Meðunarodnog kriviènog suda za bivšu Jugoslaviju i predsednika Mehanizma za meðunarodne kriviène sudove Savetu bezbednosti Ujedinjenih nacija 10. decembra 2014.
Mr. President, Excellencies, Ladies and Gentlemen: It is an honour to once again appear before this Council in two capacities: as President of the International Criminal Tribunal for the former Yugoslavia and as President of the Mechanism for International Criminal Tribunals.	Gospodine predsednièe, ekselencije, dame i gospodo: Èast mi je da se još jednom pojavim pred ovim Savetom u dvostrukom svojstvu: kao predsednik Meðunarodnog kriviènog suda za bivšu Jugoslaviju i kao predsednik Mehanizma za meðunarodne kriviène sudove.
I hope that my remarks today will serve to elucidate certain key points set forth in the recent reports submitted on behalf of these two institutions.	Nadam se da æe moje današnje obraæanje poslužiti da se pojasne neke od kljuènih stavki navedene u nedavnim izveštajima podnetim u ime ove dve institucije.
However, before I turn to these points, I would like to congratulate His Excellency Ambassador Zene of Chad on his country‘s assumption of the Presidency of the Security Council.	Meðutim, pre nego što se osvrnem na ta pitanja, želeo bih da èestitam njegovoj ekselenciji ambasadoru Zeneu iz Èada na tome što je njegova zemlja preuzela funkciju predsedavajuæeg Saveta bezbednosti.
I also wish to express again my appreciation for the efforts of the Security Council‘s informal working group on international tribunals, and, particularly Chile for its leadership of that group.	Takoðe bih želeo da naglasim svoju zahvalnost na naporima neformalne Radne grupe Saveta bezbednosti za meðunarodne sudove, i posebno, Èileu na rukovoðenju tom grupom.
And I continue to be extremely grateful for the extensive support that the Office of Legal Affairs and the Legal Counsel provide to the ICTY and the Mechanism.	Takoðe sam i dalje izuzetno zahvalan na velikoj podršci, koju MKSJ i Mehanizmu pružaju Služba pravnog savetnika UN i sam pravni savetnik.
I will first turn to the ICTY. 	Prvo æu se osvrnuti na MKSJ.
I am pleased to report that the Tribunal continues to make progress in completing its last trials and appeals.	Zadovoljstvo mi je da vas mogu obavestiti da Meðunarodni sud nastavlja da ostvaruje napredak u završavanju svojih poslednjih prvostepenih i drugostepenih postupaka.
Indeed, we have already delivered two appeal judgements in 2014, and expect to, deliver another one in the large, multi-accused Popoviæ case by the end of January 2015.	Štavište, tokom 2014. smo veæ izrekli dve presude po žalbama, i oèekujemo izricanje još jedne do kraja januara 2015, u velikom predmetu Popoviæ i drugi, sa više optuženih.
Accordingly, we enter 2015 with only four trials and five appeal cases remaining.	Shodno tome, ulazimo u 2015. godinu sa preostala samo èetiri prvostepena postupka i pet drugostepenih.
By the end of next year judgements in only two cases specifically, one trial and one appeal should remain outstanding.	Do kraja sledeæe godine preostaæe da se izreknu presude u samo dva predmeta, konkretno, jednom u prvostepenom i jednom u žalbenom postupku.
As our November report makes plain, and as Council members have been aware for several years, despite the significant progress we have made in finishing cases, the Tribunal will not be able to complete all of its judicial work by the end of this month.	Kao što je navedeno u našem izveštaju iz novembra, i kao što èlanovi Saveta znaju veæ nekoliko godina, uprkos znaèajnom napretku ostvarenom u okonèanju predmeta, Meðunarodni sud neæe biti u stanju da završi sav svoj pravosudni rad do kraja ovog meseca.
Numerous unforeseen and sometimes challenging circumstances, including the late arrests of the last ICTY indictees, the disqualification of a Judge, the health conditions of a number of our accused, and the size and complexity of certain multi-accused cases, have prevented us from meeting the Security Council‘s target date for completion of our judicial work by the end of 2014.	Brojne nepredviðene i ponekad veoma otežavajuæe okolnosti, poput zakasnelog hapšenja poslednjih optuženih pred MKSJ, izuzeæa jednog sudije, zdravstvenog stanja više optuženih, kao i obima i kompleksnosti odreðenih predmeta sa više optuženih, spreèile su nas da ispunimo rok koji nam je zadao Savet bezbednosti da završimo svoj pravosudni rad do kraja 2014. godine.
Although the majority of our remaining cases are progressing in line with previous forecasts, our November report also explains that certain trial and appeal judgements will be later than forecast by the Tribunal in May.	Premda se u veæini preostalih predmeta ostvaruje napredak u skladu s našim prethodnim procenama, u našem izveštaju iz novembra takoðe je objašnjeno da æe odreðene prvostepene i drugostepene presude biti izreèene kasnije nego što je to Meðunarodni sud predvideo u maju.
The fact that such delays occur is disappointing to me and to my fellow Judges.	Èinjenica da dolazi do takvih odlaganja razoèaravajuæa je za mene i moje kolege sudije.
Importantly, however, these recent changes to our judgement schedule are not expected to impact the anticipated date of the Tribunal‘s closure, in 2017.	Meðutim, ono što je važno jeste da te nedavne izmene u rasporedu izricanja presuda neæe uticati na predviðeni rok zatvaranja Meðunarodnog suda, tokom 2017. godine.
I would further note, as I have before, that the judicial process is inherently dynamic and mutable; it is a process that takes place against a background of great legal and logistical complexity, and may be affected by any matter of unforeseen developments, such as the discovery of mass graves with possible forensic significance.	Dodatno bih napomenuo, kao što sam to i ranije èinio, da je pravosudni proces inherentno dinamièan i podložan promenama; to je proces koji se odvija u kontekstu velike pravne i logistièke kompleksnosti, i na njega mogu uticati mnogobrojne nepredvidljive okolnosti, poput otkriæa masovnih grobnica od moguæeg forenzièkog znaèaja.
In this context, forecasts for the completion of the Tribunal‘s judicial work are inevitably subject to revision.	U tom kontekstu, predviðanja u vezi sa okonèanjem pravosudnog rada Meðunarodnog suda su neizbežno podložna izmenama. 
I can assure the Council that the Judges and staff of the Tribunal nevertheless remain focused on doing all that they can to avoid or reduce delays.	Uveravam Savet da su sudije i osoblje, uprkos svemu, i dalje usresreðeni na to da uèine sve što je u njihovoj moæi da se odlaganja izbegnu ili smanje.
The Tribunal also remains fully committed to transparency: when we know about changes to forecasts for a case schedule, we always communicate that information in our reports.	Meðunarodni sud ostaje i dalje u potpunosti posveæen transparentnosti: kada znamo da æe doæi do izmene u predviðanjima u vezi sa rasporedom nekog predmeta, tu informaciju uvek dostavljamo u svojim izveštajima.
There are two specific issues to which I wish to draw the attention of the Council.	Postoje dva konkretna pitanja na koja želim da ukažem Savetu.
The first involves the health condition of several of our detainees, which has impacted two of our trials and which is a matter of great concern to the Tribunal and to me personally.	Prvo se odnosi na zdravstveno stanje više naših pritvorenika, koje je imalo uticaja na dva suðenja, i predstavlja pitanje koje izaziva veliku zabrinutost na Meðunarodnom sudu, i moju lièno.
As detailed in the November report, the trial of Mr. Goran Hadžiæ has been temporarily adjourned since 20 October 2014 for reasons relating to Mr. Hadžiæ‘s health.	Kao što je detaljno navedeno u našem izveštaju iz novembra, suðenje Goranu Hadžiæu je privremeno prekinuto od 20. oktobra 2014. iz razloga povezanih s Hadžiæevim zdravstvenim stanjem.
In addition, the trial of Mr. Ratko Mladiæ has been reduced to four sitting-days per week, following medical advice.	Osim toga, suðenje Ratku Mladiæu je takoðe skraæeno na èetiri dana suðenja sedmièno, u skladu sa savetima lekara.
At this time, the Hadžiæ Chamber does not believe the adjournment will impact on the scheduled judgement delivery date.	Pretresno veæe koje postupa u predmetu Hadžiæ, ovom trenutku ne veruje da æe ovo odlaganje imati posledice na predviðeni rok izricanja presude. 
By contrast, the changes in the sitting schedule of the Mladiæ Chamber, along with the recent decision to re-open the Prosecution case, mean that the judgement in that trial is delayed until March 2017 or later.	Nasuprot tome, izmene u rasporedu voðenja pretresa u predmetu Mladiæ, zajedno s nedavnom odlukom da se ponovo otvori dokazni postupak Tužilaštva, znaèe da je izricanje presude u tom predmetu odgoðeno do marta 2017. godine ili kasnije.
Finally, Mr. Vojislav Šešelj whose trial was delayed by the disqualification of a Judge, in 2013 has been granted provisional release by the Trial Chamber considering his case, a course of action the Chamber deemed appropriate in light of developments concerning Mr. Šešelj‘s health.	Na kraju, Vojislavu Šešelju, èije suðenje je odgoðeno zbog izuzeæa jednog sudije 2013. godine, pretresno veæe je odobrilo privremeno puštanje na slobodu, što je korak koji je Pretresno veæe smatralo prikladnim imajuæi u vidu razvoj dogaðaja u vezi sa zdravstvenim stanjem Vojislava Šešelja.
Due to the age of our detainees, health-related issues are an unavoidable concern and raise humanitarian questions.	Zbog starosti naših pritvorenika, pitanja u vezi sa zdravstvenim stanjem su neizbežna briga i sa sobom povlaèe pitanja humanitarne prirode.
Although the Tribunal makes every effort to ensure appropriate medical care, developments related to the health of detainees can sometimes fall outside our control and, as I am sure the Council understands, can cause delays to the Tribunal‘s work.	Iako Meðunarodni sud ulaže sve moguæe napore da obezbedi odgovarajuæu zdravstvenu negu, razvoj dogaðaja u vezi sa zdravstvenim stanjem optuðenih nekada ostaje izvan naše kontrole, i, kao što sam siguran da Savet razume, može dovesti do odlaganja u radu Meðunarodnog suda.
The second matter I would like to address is staff recruitment and retention.	Drugo pitanje koje bih želeo da pomenem jeste zapošljavanje i zadržavanje zaposlenih.
This issue, which is discussed in my November report, also has the potential to adversely affect our judgement delivery schedule. 	Ovo pitanje, o kojem je bilo reèi u mom izveštaju iz novembra, takoðe potencijalno može imati negativan uticaj na raspored izricanja presuda.
As the members of this Council are aware, the Tribunal is significantly reducing in size over this budget biennium and, by the end of next year is expected to have drastically cut its staffing levels.	Kao što su èlanovi Saveta svesni, Meðunarodni sud se znaèajno smanjuje tokom ovog dvogodišnjeg, budžetskog ciklusa i do kraja sledeæe godine se oèekuje da æe drastièno smanjiti broj svog osoblja.
This downsizing is inevitable but also gives rise to challenges when it comes to maintaining appropriate staffing levels.	Ovo smanjivanje broja zaposlenih je neminovno, ali ono takoðe dovodi do izazova u smislu održavanja odgovarajuæeg broja zaposlenih.
Despite staff members dedication to their cases and duties, many of them are searching for other employment and where offers cannot be deferred, they are leaving the Tribunal, depriving us of valuable institutional and case-specific knowledge.	Uprkos tome što su zaposleni posveæeni radu na svojim predmetima i obavljanju svojih dužnosti, mnogi od njih traže drugo zaposlenje, i u sluèajevima ponuda koje se ne mogu odgoditi, oni napuštaju Meðunarodni sud, ostavljajuæi nas bez dragocenog institucionalnog znanja i znanja o konkretnim predmetima.
Unable to deploy the most effective staff retention strategies, such as the incentive bonuses unfortunately rejected by the General Assembly, the Tribunal is attempting to retain and, where necessary, replace staff members in the most efficient manner possible.	U nemoguænosti da primenimo najdelotvornije strategije za zadržavanje zaposlenih, poput podsticaja u vidu bonusa, koje je Generalna skupština nažalost odbacila, Meðunarodni sud pokušava da zadrži, i gde je to potrebno zameni zaposlene na najefikasniji moguæi naèin.
The three Principals of the Tribunal are most grateful to the Office of Human Resources Management for measures taken to support the Tribunal in this respect.	Trojica èelnih ljudi Meðunarodnog suda su veoma zahvalna Službi Ujedinjenih nacija za rukovoðenje ljudskim resursima na merama koje je preduzela kako bi podržala Meðunarodni sud u tom smislu.
By design, my reports to you on the Tribunal focus almost exclusively on procedural issues and requests for assistance in completing our work.	Po samoj svojoj prirodi, izveštaji koje vam podnosim u vezi s Meðunarodnim sudom usredsreðeni su gotovo iskljuèivo na proceduralna pitanja i zahteve za pomoæ kako bismo okonèali naš rad.
I very much hope, however, that the nature of these briefings will not lead any of us to forget the bigger picture and the tremendously significant role that the ICTY has played, and continues to play, both in setting global standards for international criminal law and justice and in helping to strengthen the rule of law at the local level.	Ja, meðutim, gajim veliku nadu da priroda ovih izveštaja neæe dovesti do toga da se zaboravi širi kontekst izuzetno znaèajne uloge koju je imao, i koju i dalje ima, MKSJ, kako u postavljanju globalnih standarda u meðunarodnom kriviènom pravu i pravosuðu, tako i u pomaganju uèvršæivanja vladavine prava na lokalnom nivou.
Indeed, just last month I travelled for several days in Bosnia and Herzegovina, meeting with representatives of diverse communities there and paying my respects at sites where terrible crimes have been found to have taken place.	Prošlog meseca sam nekoliko dana boravio u Bosni i Hercegovini, gde sam se sastao s predstavnicima tamošnjih razlièitih zajednica i odao poštu žrtvama na mestima gde je utvrðeno da su poèinjeni užasni zloèini.
Our discussions underscored that the ICTY has made, and continues to make, an invaluable contribution to the restoration of the rule of law in the former Yugoslavia.	U razgovorima koje smo vodili naglašeno je da je MKSJ dao, i da nastavlja da daje, neprocenjiv doprinos obnavljanju vladavine prava na podruèju bivše Jugoslavije.
Given the importance of the Tribunal‘s work, I would urge the Council to approve the full extensions of Judges terms requested in my letters of 1 October and 25 November.	S obzirom na važnost rada Meðunarodnog suda, apelujem na Savet da u celosti odobri produženja mandata sudijama koja sam zatražio u svojim pismima od 1. oktobra i 25. novembra.
The precedents set by the Tribunal and by its accounting for all of the 161 individuals it has indicted have been instrumental in inaugurating a new era of accountability.	Presedani koje je postavio Meðunarodni sud, ukljuèujuæi i èinjenicu da je locirao svaku od 161 osobe protiv kojih je podigao optužnicu, postavili su temelje nove epohe pozivanja na odgovornost.
It is essential that the international community continue to support us in this endeavour and one of the best ways to do this is by granting the extensions needed to complete our few remaining cases.	Od presudne je važnosti da meðunarodna zajednica nastavi da nam pruža podršku u ovim nastojanjima i jedan od najboljih naèina da to uèini je da odobri produženja mandata potrebna da bi se završila nekolicina preostalih predmeta.
I will now turn to the Mechanism.	Sada æu se osvrnuti na Mehanizam.
In creating the Mechanism, the Security Council not only tasked the new institution with responsibility for certain essential functions of the ICTR and the ICTY.	Kada je osnovao Mehanizam, Savet bezbednosti ovoj novoj instituciji nije samo dao zadatak da preuzme odgovornost za neke od kljuènih funkcija MKSR i MKSJ.
This Council also, in essence, challenged the Mechanism to serve as an example of best practices and to learn from the experience of other international tribunals in order to operate in the most lean and efficient manner possible, while respecting relevant procedural safeguards.	Savet bezbednosti je takoðe, u suštini, postavio izazov Mehanizmu da služi kao primer najbolje prakse i da uèi iz iskustva drugih meðunarodnih sudova kako bi funkcionisao na najefikasniji moguæi naèin sa što manjim brojem zaposlenih, poštujuæi pri tome relevantne proceduralne mehanizme zaštite.
I am pleased to confirm that by almost any measure, the Mechanism is meeting all of these important aims.	Zadovoljstvo mi je da mogu da potvrdim da, u gotovo svim aspektima, Mehanizam ispunjava sve ove važne ciljeve.
The Mechanism continues to make steady progress in carrying out its judicial work and later this month, in line with previous forecasts, I will be travelling to Arusha to deliver the Mechanism‘s very first appeal judgement.	Mehanizam nastavlja da ostvaruje kontinuiran napredak u obavljanju svojih pravosudnih funkcija i kasnije tokom ovog meseca, u skladu s prethodnim predviðanjima, otputovaæu u Arušu, na izricanje prve drugostepene presude Mehanizma.
Mechanism Judges in Arusha and The Hague have also been busy deciding a wide variety of motions, involving issues such as variations to confidentiality protections and cooperation with national jurisdictions.	Sudije Mehanizma u Aruši i Hagu su takoðe veoma zauzeti rešavanjem po raznim zahtevima koji se odnose na pitanja poput izmene zaštitnih mera o poverljivosti i saradnje s nacionalnim pravosudnim sistemima.
The Mechanism stands ready to adjudicate any appeals from the four trials ongoing at the ICTY.	Mehanizam je spreman da presuðuje po eventualnim žalbama proisteklim iz aktuelnih predmeta pred MKSJ.
At the same time, different sections of the Mechanism are preparing rosters to allow rapid staff recruitment and are undertaking other measures to ensure readiness in case any of the three remaining ICTR fugitive indictees whose cases have not been referred to Rwanda are arrested.	U isto vreme, razlièite službe Mehanizma pripremaju spiskove koji æe omoguæiti brzo zapošljavanje osoblja i preduzimaju druge mere kako bi se obezbedila spremnost u sluèaju da bilo koji od trojice preostalih optuženih pred MKSR èiji predmeti nisu prosleðeni Ruandi bude uhapšen.
As set forth in my written report, responsibility for a wide variety of functions including witness protection, enforcement of sentences, monitoring of referred cases, and preservation of archives has been transferred or is being transferred to the Mechanism.	Kao što je navedeno u mom pisanom izveštaju, odgovornost za širok spektar funkcija, meðu kojima su zaštita svedoka, sprovoðenje kazni, nadgledanje prosleðenih predmeta i oèuvanje arhiv, prenosi se ili je prenesena na Mehanizam.
Concurrently, the Mechanism is increasingly assuming direct responsibility for administrative functions like Human Resources.	Istovremeno, Mehanizam sve više preuzima direktnu odgovornost za administrativne funkcije, poput ljudskih resursa.
The Mechanism continues to engage with Rwanda and the States of the former Yugoslavia as well as with our host states, Tanzania and The Netherlands.	Mehanizam nastavlja da saraðuje s Ruandom i državama nastalim na podruèju bivše Jugoslavije, kao i s našim zemljama domaæinima, Tanzanijom i Holandijom.
A host state agreement has already been signed with Tanzania, while a text with The Netherlands has been initialled.	Sporazum sa zemljom domaæinom veæ je potpisan sa Tanzanijom, dok je tekst sporazuma s Holandijom parafiran.
In Arusha, we are moving towards commencing construction of the new premises authorized by the General Assembly, and we are continuing discussions with The Netherlands concerning the future facility of the Mechanism.	U Aruši se približavamo poèetku izgradnje novog objekta koji je odobrila Generalna skupština, a nastavljamo razgovore s Holandijom u vezi s buduæim sedištem Mehanizma.
Relying on outside funding, we are also launching limited programs aimed at knowledge sharing with Tanzanian law schools and members of the judiciary.	Oslanjajuæi se na spoljno finansiranje, takoðe pokreæemo ogranièene programe koji imaju za cilj da se podeli znanje s pravnim fakultetima i pravosuðem u Tanzaniji.
Two key challenges continue to face the Mechanism.	Mehanizam se i dalje suoèava s dva kljuèna izazova.
The first is the outstanding arrest warrants for the remaining ICTR indictees who have yet to be apprehended, including three who are expected to be tried by the Mechanism.	Prvi je što i dalje nisu izvršeni nalozi za hapšenje preostalih optuženih pred MKSR koji su i dalje u bekstvu, meðu kojima su i trojica kojima treba da se sudi pred Mehanizmom.
It is imperative that these fugitives be apprehended; just as the accounting for all ICTY indictees struck an important blow against impunity, so too a full accounting of ICTR indictees will provide confirmation of the international community‘s commitment to justice and accountability.	Od presudne je važnosti da ovi optuðeni u bekstvu budu uhapšeni; isto kao što je lociranje svih optuženih pred MKSR dati, isto kao što je lociranje svih optuženih pred MKSJ zadalo važan udarac nekažnjivosti potvrdu privrženosti meðunarodne zajednice pravdi i pozivanju na odgovornost.
Accordingly, I urge this Council to renew its call to all Member States to cooperate with efforts to arrest the remaining fugitives indicted by the ICTR.	Shodno tome, apelujem na Savet bezbednosti da ponovi svoj poziv svim državama èlanicama da saraðuju u naporima na hapšenju preostalih optuženih pred MKSR koji su u bekstvu.
A second challenge facing the Mechanism is posed by the persons acquitted by the ICTR and the release of individuals who have completed sentences imposed by the ICTR.	Drugi izazov s kojim se Mehanizam suoèava jesu osobe koje je MKSR oslobodio krivice i puštanje na slobodu osoba koje su izdržale kazne koje im je izrekao MKSR.
The Mechanism will assume responsibility for all such individuals released in Tanzania on 1 January 2015, having already assumed other relocation-related functions.	Mehanizam æe preuzeti nadležnost nad svim takvim osobama koje se puštaju na slobodu u Tanzaniji 1. januara 2015, nakon što je veæ preuzeo druge funkcije u vezi s relokacijom.
I consider the question of resettlement to be a crucial matter of humanitarian concern for the international community.	Smatram pitanje preseljenja jednim od kljuènih pitanja od humanitarnog znaèaja za meðunarodnu zajednicu.
These individuals, having been exonerated or served the sentences imposed by the ICTR, deserve the opportunity to be resettled and to rebuild their lives.	Ove osobe, koje su osloboðene krivice ili su odslužile kazne koje im je izrekao MKSR, zaslužuju priliku da budu preseljene i da ponovo izgrade svoje živote.
The total number of these acquitted and released individuals is very small and just a few States stepping forward to give them shelter could address the problem.	Ukupan broj ovih osoba koje su osloboðene krivice ili su puštene na slobodu veoma je mali, i ako bi svega nekoliko država izrazilo spremnost da im pruži utoèište, to bi rešilo ovaj problem.
These challenges to the Mechanism are real.	Izazovi s kojima se Mehanizam suoèava su stvarni.
They should not, however, obscure the real progress achieved in launching both branches of the Mechanism and smoothly transitioning responsibilities according to the timelines mandated by the Security Council.	Oni, meðutim, ne bi trebalo da prikriju stvarni napredak ostvaren u pokretanju rada oba ogranka Mehanizma i neometanom prebacivanju nadležnosti u skladu s rokovima koje je zacrtao Savet bezbednosti.
The Principals and staff of the Mechanism, and of the ICTR and the ICTY, should be applauded for their efforts in making all of this possible.	Èelni ljudi Mehanizma, kao i MKSR i MKSJ, zaslužuju svaku pohvalu za napore uložene kako bi se sve to omoguæilo.
Mr. President, Excellencies, despite the challenges that both the ICTY and the Mechanism face and that I have highlighted in my briefing today, the world is unquestionably a better place because of them.	Gospodine predsednièe, ekselencije, uprkos izazova s kojima se suoèavaju i MKSJ i Mehanizam, koje sam naglasio u svom današnjem obraæanju, svet je nesumnjivo bolje mesto zahvaljujuæi radu obe ove institucije.
This is not simply because of their adjudication of specific cases but also because of the long shadow international courts cast, promoting more lawful behaviour by States and individuals.	To nije samo zbog toga što presuðuju u konkretnim predmetima, veæ i zbog dugaèke senke koju bacaju meðunarodni sudovi, što doprinosi tome da se države i pojedinci više pridržavaju zakona.
With the support and encouragement of the Member States of the United Nations, the ICTY, the Mechanism, and other international tribunals have served and continue to serve as the concrete manifestation of a commitment to ending impunity and a testament to the international community‘s dedication to creating a world where the rule of law is supreme.	Uz podršku i podsticaj država èlanica Ujedinjenih nacija, MKSJ, Mehanizam i drugi meðunarodni sudovi su služili i nastavljaju da služe, kao konkretan primer privrženosti okonèanju nekažnjivosti i kao svedoèanstvo posveæenosti meðunarodne zajednice stvaranju sveta u kojem je vladavina prava neprikosnovena.
Thank you.	Hvala vam.
MICT	MMKS
UNITED NATIONS	UJEDINJENE NACIJE
Mechanism for International Criminal Tribunals	Mehanizam za meðunarodne kriviène sudove 
The Mechanism for International Criminal Tribunals was established on 22 December 2010 by the United Nations Security Council to continue the jurisdiction, rights, obligations and essential functions of the International Criminal Tribunal for Rwanda and the International Criminal Tribunal for the former Yugoslavia after the completion of their respective mandates.	Mehanizam za meðunarodne kriviène sudove osnovao je Savjet bezbjednosti Ujedinjenih nacija 22. decembra 2010. da nastavi nadležnosti, prava, obaveze i kljuène funkcije Meðunarodnog kriviènog suda za Ruandu i Meðunarodnog kriviènog suda za bivšu Jugoslaviju nakon okonèanja njihovih mandata. 
The MICT has two branches, one in Arusha, Tanzania, and one in The Hague, Netherlands.	MMKS ima dva ogranka, jedan u Arushi, Tanzanija, i drugi u Haagu, Nizozemska.
STATEMENT	OBRAÆANJE
PRESIDENT	PREDSEDNIK
(Exclusively for the use of the media. Not an official document.)	(Iskljuèivo za medije. Nije zvanièan dokument.)
Arusha, The Hague, 9 November 2016.	Arusha, Hag, 9. novembar 2016.
Address to the UN General Assembly Judge <CENSORED>, President, Mechanism for International Criminal Tribunals, 9 November 2016.	Obraæanje sudije <CENSORED>, predsednika Mehanizma za meðunarodne sudove Generalnoj skupštini Ujedinjenih nacija 9. novembar 2016.
Mr. President, Excellencies, Ladies and Gentlemen: It is my privilege to appear before the General Assembly once again in my capacity as President of the Mechanism for International Criminal Tribunals. 	Gospodine predsednièe, ekselencije, dame i gospodo: Privilegija mi je da se još jednom pojavim pred Generalnom skupštinom u svojstvu predsednika Mehanizma za meðunarodne kriviène sudove.
Before I turn to the substance of my remarks, I wish to take this opportunity to congratulate you, Mr. President, on Fiji‘s assumption of the General Assembly Presidency and to wish you every success during your term.	Pre nego što se osvrnem na pojedinosti svog izveštaja, želeo bih da iskoristim ovu priliku da Vam èestitam, gospodine predsednièe, na tome što je Fidži preuzeo predsedavanje Generalnom skupštinom i da Vam poželim puno uspeha tokom Vašeg mandata.
I also wish to acknowledge the steadfast support and assistance provided by the Office of Legal Affairs and, in particular, by Mr. <CENSORED> the Under-Secretary-General for Legal Affairs and United Nations Legal Counsel, as well as by Mr. <CENSORED> , the Assistant Secretary-General for Legal Affairs.	Takoðe bih želeo da zahvalim na nepokolebljivoj pomoæi i podršci koju nam pruža Služba za pravne poslove Ujedinjenih nacija i sam pravni savetnik, g. <CENSORED>, kao i pomoænik generalnog sekretara Ujedinjenih nacija za pravne poslove, g. <CENSORED>.
Last, but certainly not least, I would like to acknowledge with pleasure my fellow Judge at both the Mechanism and the ICTY, President <CENSORED>.	Na kraju, ali svako ne i kao poslednje, želeo bih da sa zadovoljstvom zahvalim svom kolegi sudiji, kako na Mehanizmu, tako i u MKSJ, predsedniku <CENSORED>.
Mr. President, Excellencies, as many of you know, this year, 2016, marks the 400th anniversary of William Shakespeare‘s death.	Gospodine predsednièe, ekselencije, kao što mnogi od vas znaju, ove godine, 2016, obeležava se 400. godišnjica smrti Viljema Šekspira.
His fellow poet and playwright, Ben Jonson, wisely and correctly anticipated in 1623 that Shakespeare was „not of an age, but for all time“.	Njegov kolega pesnik i dramski pisac, Ben Džonson, mudro je i ispravno 1623. godine anticipirao da Šekspir „ne pripada svom dobu veæ je za sva vremena“.
Yet, it is to my deep dismay that Shakespeare‘s depictions of the ravages of war remain equally relevant today, some four hundred years after he wrote them.	Pa ipak, s velikim žaljenjem konstatujem da su Šekspirovi opisi strahota rata jednako relevantni danas, više od èetiri stotina godina nakon što ih je napisao.
War, in Shakespeare‘s words is the „son of hell“ (2 Henry the Sixth); it is „fierce and bloody“ (King John) and „cruel“ (Timon of Athens).	Rat je, Šekspirovim reèima „sin pakla“ (Drugi deo Henrija VI); on je „strašan i krvav“ (Kralj, Džon) i „svirep“ (Timon Atinjanin).
Troilus and Cressida gives us a gruelling account of the senseless slaughter of war, while Hamlet offers the most powerful statement of the futility of war in a speech against sacrificing thousands of lives for trivial causes, for „a fantasy and trick of fame“.	Troil i Kresida nam donose užasavajuæi opis besmislenog pokolja u ratu, dok nam Hamlet nudi najupeèatljiviju izjavu o ispraznosti rata u govoru protiv žrtvovanja hiljada života zbog trivijalnih razloga, za „jednu æud, za senku slave“.
While much has not changed when it comes to conflict and bloodshed in the course of four hundred years, at least one important thing has.	Iako se tokom ovih èetiri stotine godina mnogo toga nije promenilo kada su u pitanju rat i krvoproliæe, barem jedna stvar jeste.
During the past quarter century, the international community has come together as never before in an effort to end impunity for grave violations of international law and to promote respect for the rule of law – or what Shakespeare refers to as „the majesty and power of law and justice“, which the Chief Justice of England invokes in explaining to the new King Henry V that even he had to submit to justice for infractions he had committed as Prince Hal (2 Henry IV).	Tokom poslednjih èetvrt veka, meðunarodna zajednica se ujedinila kao nikada do sada u nastojanjima da okonèa nekažnjivost za teške povrede meðunarodnog prava i da promoviše poštovanje vladavine prava, ili ono što Šekspir naziva „znaèajem zakona i pravde“, na šta se vrhovni sudija Engleske poziva kada novoizabranom kralju Henriju V objašnjava da se i on sam mora povinovati pravdi za grehe koje je poèinio kao princ Hal (Drugi deo Henrija IV).
By establishing the International Criminal Tribunal for the former Yugoslavia and the International Criminal Tribunal for Rwanda in the early 1990s, and the other international and hybrid criminal, courts that would follow thereafter, the international community has made manifest its commitment to justice and to the principle of individual criminal responsibility.	Osnivanjem Meðunarodno kriviènog suda za bivšu Jugoslaviju i Meðunarodnog kriviènog suda za Ruandu poèetkom devedesetih godina XX veka, kao i niza drugih meðunarodnih i hibridnih kriviènih sudova koji su usledili, meðunarodna zajednica je dokazala svoju privrženost pravdi i principu individualne kriviène odgovornosti.
In doing so, the international community has helped to bring about the dawn of what Secretary-General Ban Ki-moon has described as a new age of accountability.	Na taj naèin meðunarodna zajednica je pomogla da doðemo do onoga što je generalni sekretar Ban Ki-moon opisao kao novu eru pozivanja na odgovornost.
The Mechanism is very much a part of this global effort to ensure accountability for by establishing the Mechanism, the UN Security Council was making certain that the closure of the ICTR and the ICTY would not open the way for impunity to re-emerge and recognizing that justice and the rule of law require a sustained commitment and support even after trials and appeals have concluded.	Mehanizam je u velikoj meri deo tih globalnih napora da se obezbedi pozivanje na odgovornost, jer je osnivanjem Mehanizma Savet bezbednosti Ujedinjenih nacija obezbedio da zatvaranje MKSR i MKSJ ne otvori put ponovnom povratku nekažnjivosti i prepoznao da pravda i vladavina prava zahtevaju istrajnu privrženost i podršku èak i kada su suðenja i žalbe okonèani.
As detailed in the written report submitted on behalf of the Mechanism in August, much has transpired in the year since I last appeared before this Assembly.	Kao što je detaljno navedeno u pisanom izveštaju koji je u ime Mehanizma dostavljen u avgustu, mnogo toga se dogodilo u poslednjih godinu dana od kada sam govorio pred ovom Skupštinom.
On the judicial front, following the issuance of ICTY judgements in December 2015 and March 2016, the Mechanism is seised of a retrial in the case of Stanišiæ & Simatoviæ and appeals in the cases of Radovan Karadžiæ and Vojislav Šešelj. 	Na pravosudnom planu, nakon izricanja presuda MKSJ u decembru 2015. i martu 2016. godine, Mehanizam u svojoj nadležnosti ima ponovljeno suðenje u predmetu Stanišiæ i Simatoviæ i žalbe u postupcima protiv Radovana Karadžiæa i Vojislava Šešelja.
A wide variety of other requests and applications are regularly filed before the Mechanism and addressed by the Mechanism‘s Judges, the majority of whom are – consistent with the Security Council‘s vision of the Mechanism as a small and efficient institution – working remotely and part-time from their homes and offices around the world, carrying out their functions for the Mechanism on top of their other professional commitments. 	Niz drugih zahteva i molbi se redovno podnosi sudijama Mehanizma, od kojih veæina, u skladu s vizijom Saveta bezbednosti o Mehanizmu kao maloj i efikasnoj instituciji, rade na daljinu ili po potrebi iz svojih domova i kancelarija širom sveta, obavljajuæi svoje funkcije u Mehanizmu povrh svojih drugih profesionalnih obaveza. 
Since its establishment, the Mechanism has issued in excess of 800 judicial orders and decisions. 	Od svog osnivanja Mehanizam je izdao više od 800 sudskih naloga i odluka.
With the closure of the ICTR in December 2015, the Mechanism has assumed responsibility for all remaining functions of that Tribunal and preparations for the transfer of relevant remaining ICTY functions continue, in anticipation of that Tribunal‘s expected closure at the end of 2017.	Po zatvaranju MKSR u decembru 2015. godine, Mehanizam je preuzeo nadležnost nad svim preostalim funkcijama tog meðunarodnog suda, dok pripreme za prenos svih preostalih relevantnih funkcija MKSJ i dalje teku, u oèekivanju predviðenog zatvaranja tog meðunarodnog suda krajem 2017. godine.
Throughout the reporting period, essential ongoing functions – such as the protection of vulnerable victims and witnesses, the provision of assistance to national jurisdictions seeking to ensure, accountability in local proceedings, and the supervision of the enforcement of sentences – have also continued to be carried out with care and professionalism.	Tokom perioda na koji se izveštaj odnosi, kljuène tekuæe funkcije, poput zaštite osetljivih žrtava i svedoka, pružanja pomoæi nacionalnim pravosudnim sistemima kako bi se obezbedilo pozivanje na odgovornost u postupcima na nacionalnom nivou, kao i nadgledanja izvršenja kazni, i dalje se obavljaju s velikom pažnjom i profesionalizmom.
Important steps have likewise been taken with regard to the management and preservation of the vital archives of the ICTR and the ICTY entrusted to the Mechanism.	Takoðe su preduzeti važni koraci u vezi s oèuvanjem kljuènih arhiva MKSR i MKSJ koji su povereni Mehanizmu i upravljanjem njima.
It is thanks in great part to the sustained cooperation and generosity of the Government of the United Republic of Tanzania that we will, in under three weeks from today, mark the opening of the Mechanism‘s new premises in Arusha.	Zahvaljujuæi velikim delom kontinuiranoj saradnji i velikodušnosti Vlade Ujedinjene Republike Tanzanije, za manje od tri sedmice od današnjeg dana obeležiæemo otvaranje novog objekta Mehanizma u Arushi.
This construction project, which reflects a lean and minimalist approach and incorporates best practices from other UN capital projects, has taken place under the stewardship of this Assembly and remains – importantly – on budget.	Ovaj graðevinski projekat, koji odslikava štedljiv i minimalistièki pristup i u kojem su otelotvorene najbolje prakse iz drugih kapitalnih projekata Ujedinjenih nacija, uraðen je pod pokroviteljstvom ove Skupštine i ostaje, što je veoma važno, u okviru predviðenih budžetskih izdataka.
In the meantime, both Tanzania and the Netherlands, as the Host States of our respective branches, continue to support the Mechanism‘s work on a near daily basis in countless but meaningful ways.	U meðuvremenu, i Tanzanija i Holandija, kao zemlje domaæini odgovarajuæih ogranaka Mahanizma, nastavljaju da podržavaju rad Mehanizma na skoro svakodnevnoj osnovi na bezbroj važnih naèina.
It is thanks to the support and assistance of Member States in Africa and Europe that we are able to enforce sentences pronounced by the ICTR, the ICTY, and the Mechanism. 	Zahvaljujuæi podršci i pomoæi država èlanica iz Afrike i Evrope uspeli smo da na izvršenje kazne pošaljemo lica koja su osudili MKSR, MKSJ i Mehanizam.
The support and cooperation of individual Member States is likewise essential in resolving the situation faced by the Mechanism with regard to individuals indicted by the ICTR who were subsequently acquitted or released in Tanzania.	Podrška i saradnja pojedinaènih država èlanica je isto tako od presudne važnosti u rešavanju situacije u kojoj se nalazi Mehanizam u vezi s pojedincima protiv kojih je MKSR podigao optužnice, a koji su naknadno osloboðeni krivice ili pušteni na slobodu u Tanzaniji.
The appropriate relocation of these individuals, as I have stated before, is a crucial challenge for international justice, and a humanitarian imperative.	Odgovarajuæa relokacija tih pojedinaca, kao što sam i ranije napominjao, kljuèni je izazov za meðunarodno pravosuðe i predstavlja humanitarni imperativ.
And of course, the Mechanism will not have fulfilled its mandate unless and until all remaining fugitives indicted by the ICTR have been called to account.	I, naravno, Mehanizam neæe ispuniti svoj mandat ukoliko i sve dok se svi optuženi pred MKSR koji su u bekstvu ne privedu pravdi.
Success on this front will depend in great part upon the timely cooperation of individual Member States.	Uspeh na tom polju æe u velikoj meri zavisiti od blagovremene saradnje pojedinaènih država èlanica.
I wish the greatest success to Prosecutor <CENSORED> in his continuing efforts in this regard.	Tužiocu <CENSORED> želim svaki uspeh u njegovim kontinuiranim naporima u tom pogledu.
Indeed, as we move forward, seeking to fulfil all other aspects of our mandate in the best way possible, the cooperation and support of the United Nations and its Members form the essential and invaluable basis for all our efforts.	I zaista, kako u buduænosti budemo nastojali da na najbolji moguæi naèin ispunimo sve druge aspekte mandata koji nam je poveren, saradnja i podrška Ujedinjenih nacija i zemalja èlanica predstavljaæe kljuènu i neprocenjivu osnovu svih naših napora.
Mr. President, Excellencies, it is in this context that I find that I must advise the Assembly of a serious matter impacting upon the effective discharge of the Mechanism‘s mandate.	Gospodine predsednièe, ekselencije, u tom kontekstu smatram da ovu Skupštinu moram obavestiti o jednom ozbiljnom pitanju koje ima uticaj na efikasno ispunjavanje mandata Mehanizma.
On 20 December 2011, following nomination by the Government of Turkey, this Assembly elected Judge <CENSORED>, of Turkey, as a Judge of the Mechanism.	Ova Skupština je, nakon što je bio nominovan od strane Vlade Turske, 20. decembra 2011. izabrala sudiju <CENSORED>, iz Turske, za sudiju Mehanizma.
This election followed Judge <CENSORED>, distinguished prior service as a Judge of the ICTR and, earlier, as an Ambassador of Turkey.	Taj izbor je usledio sudiju <CENSORED>, nakon uzornog prethodnog rada na funkciji sudije MKSR, i pre toga, funkciji ambasadora Turske.
After consultation by the Secretary-General with the Presidents of this Assembly and of the Security Council, Judge <CENSORED> was recently appointed for a new term as Judge of the Mechanism, commencing 1 July 2016. 	Nakon konsultacija, koje je generalni sekretar obavio sa predsedavajuæima ove Skupštine i Saveta bezbednosti, sudija <CENSORED>, je nedavno imenovan na novi mandat kao sudija Mehanizma, poèevši od 1. jula 2016.
On 25 July 2016, as President of the Mechanism, I appointed Judge <CENSORED> to a Bench of the Appeals Chamber to address a motion for review of judgement and associated applications advanced by Mr. Augustin Ngirabatware, who is currently detained following his conviction.	Kao predsednik Mehanizma 25. jula 2016. sam imenovao sudiju <CENSORED> u veæe koje treba da razmotri zahtev za preispitivanje presude i povezane zahteve koje je dostavio Augustin Ngirabatware, koji je, trenutno u pritvoru nakon što je osuðen.
Without notification to the United Nations or the Mechanism, on or around 21 September 2016, Judge <CENSORED> was detained in Turkey in relation to allegations connected to the events of July 2016 directed against the constitutional order of Turkey, and has remained in detention since that time. 	Bez ikakvog obaveštenja Ujedinjenim nacijama ili Mehanizmu, 21. septembra 2016. ili približno tog datuma sudija <CENSORED> je pritvoren u Turskoj u vezi s navodima povezanim s dogaðajima iz jula 2016. usmerenih protiv ustavnog poretka Turske, i od tada se nalazi u pritvoru.
As a result of Judge <CENSORED> detention, the proceedings to which he has been assigned have necessarily come to a standstill, with corresponding implications for the fundamental rights of the applicant to the determination of his claims within a reasonable time.	Kao posledica toga što je sudija <CENSORED> u pritvoru, postupak u kojem je imenovan da postupa nužno je prekinut, s odgovarajuæim implikacijama na osnovna prava podnosioca zahteva na utvrðivanje osnovanosti njegovog zahteva u razumnom roku.
Mr. President, Excellencies, judicial independence is a cornerstone of the rule of law, and it is a longstanding and consistent practice to accord international Judges privileges and immunities in order to protect the independent discharge of their judicial functions.	Gospodine predsednièe, ekselencije, sudijska nezavisnost predstavlja okosnicu vladavine prava i dugogodišnja je i dosledna praksa da meðunarodne sudije užvaju privilegije i imunitete kako bi se zaštitila nezavisnost obavljanja njihovih funkcija.
The Security Council accorded the Judges of both the ICTR and the ICTY diplomatic immunity to that end.	Savet bezbednosti je, iz tog razloga, dodelio diplomatski imunitet i sudijama MKSR i MKSJ.
The Statute of the Mechanism adopted by the Council acting under Chapter VII of the UN Charter, likewise accords the Judges of the Mechanism diplomatic immunity for those periods of time in which they are engaged on the business of the Mechanism.	Statut Mehanizma, koji je Savet bezbednosti usvojio, delujuæi u skladu s poglavljem VII Povelje Ujedinjenih nacija, takoðe sudijama Mehanizma pruža diplomatski imunitet za vremenske periode tokom kojih obavljaju poslove u ime Mehanizma.
In according the Judges of the Mechanism such immunity, the Council necessarily understood that, thanks to the Mechanism‘s lean and efficient design and the statutory expectation that Judges will work remotely as much as possible and away from the seats of the Mechanism, the Judges would typically be carrying out their judicial work for the Mechanism in their State of nationality. 	Dodeljujuæi sudijama Mehanizma takav imunitet, Savet bezbednosti je nužno shvatio da, zahvaljujuæi štedljivoj i efikasnoj prirodi Mehanizma i Statutom zacrtanih oèekivanja da sudije rade na daljinu što je više moguæe, i van sedišta ogranaka Mehanizma, sudije veæi deo vremena obavljaju svoje pravosudne funkcije za Mehanizam u državi èiji su državljani.
As a result of this legal framework, Judge <CENSORED> enjoyed diplomatic immunity from the time of his assignment to the Ngirabatware proceedings on 25 July, and continues to enjoy such immunity through to the conclusion of those proceedings.	Kao posledica takvog pravnog okvira, sudija <CENSORED> je uživao diplomatski imunitet od trenutka kada je imenovan u postupak u predmetu Ngirabatware, odnosno od 25 jula, i nastavlja da uživa takav imunitet sve do okonèanja tog postupka.
The UN Office of Legal Affairs, on behalf of the Secretary-General, has formally asserted this protection to the Government of Turkey, and, as a consequence, requested Judge <CENSORED> immediate release from detention and the cessation of all legal proceedings against him.	Služba za pravne poslove Ujedinjenih nacija je, u ime generalnog sekretara, formalno potvrdila Vladi Turske njegov zaštiæeni status, i shodno tome zatražila da sudija <CENSORED> odmah bude pušten iz pritvora te da se prekinu svi pravosudni postupci protiv njega.
In the meantime, on 17 October 2016, as President of the Mechanism, I formally requested permission of the Government to visit Judge <CENSORED> to consult him confidentially and ascertain his conditions of detention.	U meðuvremenu sam, 17. oktobra 2016, u svojstvu predsednika Mehanizma formalno zatražio dozvolu Vlade Turske da posetim sudiju <CENSORED> kako bih se s njim konsultovao na poverljivoj osnovi i kako bih utvrdio uslove njegovog pritvora.
Mr. President, Excellencies, I deeply regret that the Government of Turkey has thus far provided no formal communication whatsoever on these matters to either the United Nations or the Mechanism and that the Government continues to maintain Judge <CENSORED> detention, in breach of the Statute of the Mechanism and of Turkey‘s obligation to cooperate with the Mechanism in accordance with operative paragraph 9 of Security Council resolution 1966 (2010).	Gospodine predsednièe, ekselencije, s velikim žaljenjem vas moram obavestiti da Vlada Turske do sada nije pružila nikakvu formalnu komunikaciju u vezi s ovim pitanjima ni Ujedinjenim nacijama niti Mehanizmu te da Vlada i dalje sudiju <CENSORED> drži u pritvoru, kršeæi Statut Mehanizma i obavezu Turske da saraðuje s Mehanizmom u skladu s operativnim paragrafom 9 Rezolucije 1966 (2010) Saveta bezbednosti.
I likewise regret that, as a result of Judge <CENSORED> detention, the will of this Assembly that he discharge judicial functions for the Mechanism, consistent with the provisions of the Statute pursuant to which he was elected and then appointed to a new term, is concurrently being frustrated.	Takoðe sa žaljenjem mogu konstatovati da je istovremeno, kao posledica pritvaranja sudije  <CENSORED>, onemoguæena namera ove Skupštine da on obavlja sudijsku funkciju za Mehanizam u skladu s odredbama Statuta na osnovu kojih je prvo izabran, a kasnije i imenovan na drugi mandat.
As Judge <CENSORED> detention becomes increasingly prolonged, its effects on the Mechanism‘s ability to perform its core mandate become ever more pronounced, as this detention has materially impeded, the Mechanism‘s ability to perform one of its most fundamental functions: to judicially determine, in accordance with the law, matters going to an individual‘s responsibility for the most serious international crimes.	Kako boravak sudije <CENSORED> u pritvoru postaje sve duži, to je uticaj na sposobnost Mehanizma da obavlja svoj osnovni mandat sve veæi, pošto je ovo pritvaranje suštinski ogranièilo moguænost Mehanizma da obavlja jednu od svojih najosnovnijih funkcija: da sudski utvrðuje, u skladu sa zakonom, pitanja koja se tièu individualne odgovornosti za najteža meðunarodna krivièna dela.
Absent clear understanding of his conditions of detention, and a response to my request for authorization to visit Judge <CENSORED>, my concern for my judicial colleague‘s welfare from a humanitarian standpoint likewise becomes all the stronger.	Bez jasnog razumevanja uslova njegovog pritvora, i bez odgovora na moj zahtev da mi se dozvoli da posetim sudiju Akaya, moja zabrinutost za dobrobit mog kolege sudije postaje sve veæa i sa humanitarne strane.
I therefore call upon the Government of Turkey, consistent with its binding international obligations under Chapter VII of the UN Charter, to immediately release Judge <CENSORED> from detention and enable him to resume his lawfully-assigned judicial functions.	Stoga pozivam Vladu Turske da u skladu sa svojim obavezujuæim meðunarodnim dužnostima prema poglavlju VII Povelje Ujedinjenih nacija odmah oslobodi sudiju <CENSORED> iz pritvora i omoguæi mu da nastavi da obavlja svoje sudijske funkcije, na koje je zakonito imenovan.
Mr. President, Excellencies, in discharging our mandates to pursue justice and accountability for the most serious crimes known to humanity, international criminal tribunals such as the Mechanism serve the interests of all States and their peoples.	Gospodine predsednièe, ekselencije, ispunjavajuæi svoje mandate u ostvarivanju pravde i pozivanju na odgovornost za najteže zloèine znane èoveèanstvu, meðunarodni krivièni sudovi poput Mehanizma služe interesima svih država i njihovih naroda.
At the same time, however – and as the past twenty-five years have demonstrated – international criminal tribunals are fully dependent both on the cooperation of States and on States‘ respect for the international legal framework applicable to each institution.	Meðutim, u isto vreme, kako su nam proteklih dvadeset pet godina pokazale, meðunarodni krivièni sudovi u potpunosti zavise i od saradnje država i od poštovanja tih država za meðunarodne pravne okvire primenjive u svakoj takvoj instituciji.
Without such cooperation and respect, international courts cannot ensure their independent operation, wherever around the world court functions may be exercised, and they therefore cannot carry out the vital mandates entrusted to them.	Bez takve saradnje i poštovanja, meðunarodni sudovi ne mogu obezbediti svoj nezavistan rad, gde god na svetu sudske funkcije bile izvršavane, i stoga ne mogu izvršavati kljuène mandate koji su im povereni.
I have every confidence that the Government of Turkey shares this common interest in enabling the Mechanism to function efficiently and effectively, in accordance with its mandate and with applicable law, and that the Government will, without further delay, take the necessary steps with respect to the situation I have described towards that end.	Uveren sam da Vlada Turske deli ovaj zajednièki interes da se Mehanizmu omoguæi da funkcioniše efikasno i delotvorno, u skladu s mandatom koji mu je poveren i merodavnim pravom, i da æe Vlada s tim ciljem, bez odlaganja, preduzeti potrebne korake u vezi sa situacijom koju sam opisao.
The resolution of this matter is critically important not simply for the Mechanism.	Razrešenje ovog pitanja je od presudne važnosti ne samo za Mehanizam.
It is essential for all of us if we are to ensure that UN institutions are able to carry out their mandates in accordance with the law and in the absence of interference.	Ono je kljuèno za sve nas kako bismo obezbedili da institucije Ujedinjenih nacija budu u stanju da ispunjavaju svoje mandate u skladu sa zakonom i neometano.
It is essential for all of us if we are, working together, to bring about an era of accountability based upon and enshrining respect for the rule of law, for which, judicial independence is fundamental.	Ovo je kljuèno za sve nas kako bismo, radeæi zajedno, doveli do ere pozivanja na odgovornost koja æe se temeljiti na poštovanju vladavine prava i predstavljati njeno otelotvorenje, a za to je sudijska nezavisnost fundamentalna.
It is essential for all of us who wish to be able to say that we have done all that we can to end impunity for horrific crimes in violation of international law and to seek to bring about a world in which the highest humanitarian principles are upheld.	Ovo je kljuèno za sve nas koji želimo da kažemo da smo uèinili sve što možemo kako bismo okonèali nekažnjivost za užasne zloèine poèinjene kršenjem meðunarodnog prava i koji želimo da izgradimo svet u kojem se poštuju najviši humanitarni principi.
But to accomplish all of this, it is essential that all Members of the United Nations, in addressing vital requests from Chapter VII tribunals, act in accordance with good faith, the duty to cooperate, and unimpeachable due process.	Da bi se sve ovo postiglo, od presudne je važnosti da sve èlanice Ujedinjenih nacija, odgovarajuæi na kljuène zahteve meðunarodnih sudova u skladu s poglavljem VII, deluju u skladu s dobrom verom, dužnošæu da saraðuju i potpunom zakonitošæu postupka.
Thank you.	Hvala vam.
UNITED NATIONS	UJEDINJENE NACIJE
International Residual Mechanism for Criminal Tribunals	Meðunarodni rezidualni mehanizam za kriviène sudove
STATEMENT	PREDSJEDNIK
PRESIDENT (Exclusively for the use of the media. Not an official document.)	(Iskljuèibvo za medije. Nije zvanièni dokument.)
Arusha, The Hague, 17 July 2019.	Arusha, Haag, 17. juli 2019.
Address to the UN Security Council	Obraæanje Savjetu bezbjednosti UN-a
Judge <CENSORED>	sudija <CENSORED>
President, International Residual Mechanism for Criminal Tribunals, 17 July 2019.	Predsjednik, Meðunarodni rezidualni mehanizam za kriviène sudove, 17. juli 2019.
Mr President, Excellencies, Ladies and Gentlemen, I feel deeply honoured to have once again the privilege of addressing the Security Council; this time as the new President of the International Residual Mechanism for Criminal Tribunals (Mechanism).	Gospodine predsjednièe, ekscelencije, dame i gospodo, osjeæam se duboko poèašædenim što još jednom imam èast obratiti se Savjetu bezbjednosti, ovaj put kao novi predsjednik Meðunarodnog rezidualnog mehanizma za kriviène sudove (Mehanizam).
I am fortunate to have assumed the leadership of the Mechanism when the institution is strong and well-established, thanks to the unstinting and outstanding work of my predecessor, Judge Theodor Meron, together with that of my esteemed Colleagues, the Mechanism‘s remarkable Judges, and of course its wonderful staff.	Imao sam sredu da preuzmem voðstvo Mehanizma kada je ta institucija snažna i dobro organizovana, zahvaljujuæi neumornom i izvanrednom radu mog prethodnika, sudije Theodora Merona, zajedno sa mojim cijenjenim kolegama, izvrsnim sudijama Mehanizma i, naravno, njegovim odliènim osobljem.
This is not to say that my first months have been easy.	Time ne želim reæi da su mi prvi mjeseci bili laki.
The role of Mechanism President is a demanding one: running an institution spread across two continents, with Judges and staff coming from numerous legal systems and diverse backgrounds, working in different time zones; with our focus split between the residual judicial matters arising out of two very distinct conflicts and resulting from the closure of the International Criminal Tribunal for Rwanda (ICTR) and the International Criminal Tribunal for the former Yugoslavia (ICTY).	Uloga predsjednika Mehanizma je zahtjevna: rukovoðenje institucijom koja se nalazi na dva kontinenta, sa sudijama i osobljem koji dolaze iz brojnih pravnih sistema i raznovrsnih konteksta, rad u razlièitim vremenskim zonama, s težištem pažnje podijeljenim izmeðu rezidualnih sudskih predmeta koji proistièu iz dva veoma razlièita sukoba i koji su preuzeti uslijed okonèanja rada Meðunarodnog kriviènog suda za Ruandu (MKSR) i Meðunarodnog kriviènog suda za bivšu Jugoslaviju (MKSJ).
I already knew of these unique circumstances before assuming the Presidency, of course, because I have been a Judge of the Mechanism since it came into operation in 2012, and was a Judge of the ICTY for many years before that.	Veæ su mi bile poznate ove jedinstvene okolnosti prije preuzimanja dužnosti predsjednika, naravno, zbog toga što sam bio sudija Mehanizma od njegovog poèetka rada 2012., a sudija MKSJ-a sam bio mnogo godina prije toga.
Nevertheless, I have been surprised and enthralled by the extent to which the Mechanism differs from its predecessor institutions.	Ipak, iznenaðen sam i fasciniran time u kojoj mjeri se Mehanizam razlikuje od svojih institucija prethodnica.
Despite our unique mandate and the many challenges that no doubt lie ahead, I remain fully committed: first and foremost, to the efficient and timely conclusion of the judicial proceedings at both the Arusha and The Hague branches of the Mechanism, bearing in mind due process and fundamental fair trial rights; second, to enhancing inter-branch coordination and harmonisation of practices and procedures; and third, to doing my utmost to foster a working environment that encourages high staff morale and performance.	Uprkos našem jedinstvenom mandatu i mnogim izazovima koji su nesumnjivo pred nama, ostajem u potpunosti opredijeljen, prvo i prije svega, za efikasno i blagovremeno okonèanje sudskih postupaka u ograncima Mehanizma i u Arushi i u Haagu, imajuæi u vidu praviènost postupka i osnovna prava na pravièno suðenje; drugo, za jaèanje koordinacije izmeðu ogranaka i usklaðivanje prakse i postupaka, i treæe, da uèinim sve što je u mojoj moæi da osnažim radno okruženje koje stimuliše visok moral i užinak osoblja.
This is in line with the priorities I announced at the start of my Presidency, which are elaborated in document S/2019/417, being the Mechanism‘s progress report for the period 16 November 2018 to 15 May 2019.	Ovo je u skladu s prioritetima koje sam najavio kada sam preuzeo dužnost predsjednika, koji su elaborirani u dokumentu S/2019/417, izvještaju o napretku Mehanizma za period od 16. novembra 2018. do 15. maja 2019.
I must add that this report partly reflects the work of the Mechanism under President Meron‘s guidance until 19 January of this year, when I took over the leadership of this fine institution from him.	Moram dodati da ovaj izvještaj djelimièno odražava rad Mehanizma pod voðstvom predsjednika Merona do 19. januara ove godine, kada sam ja preuzeo rukovoðenje ovom izuzetnom institucijom od njega.
Mr President, as set out in the report before you, the Mechanism continues to work vigorously towards concluding its residual judicial workload.	Gospodine predsjednièe, kako je navedeno u izvještaju koji je pred vama, Mehanizam nastavlja vrijedno raditi ka okonèanju svog rezidualnog sudskog rada.
Notably, most of this work has been performed by Judges working remotely with the assistance of Chambers staff at both branches, in accordance with the imperative to operate in a cost-efficient manner.	Posebno vrijedi istaæi da najveæi dio ovog posla obavljaju sudije koje rade na daljinu uz pomoæ osoblja vijeæa u oba ogranka, u skladu s imperativom da se radi na ekonomièan naèin.
In the Mechanism‘s seven years of existence, its Judges have had only two opportunities to come together for the purpose of in-person Plenary sessions.	Za sedam godina postojanja Mehanizma, njegove sudije su imale samo dvije prilike da se sastanu za potrebe plenarnih sjednica uz lièno prisustvo.
The second in-person Plenary of Judges, and the first to be held at the Mechanism‘s Arusha branch, took place earlier this year in March, offering my Colleagues and me a tremendous opportunity to discuss practical and substantial matters, familiarise ourselves with the new courtroom, and get to know our dedicated staff in Tanzania.	Druga plenarna sjednica uz lièno prisustvo sudija, a prva koja je održana u ogranku Mehanizma u Arushi, održana je ranije ove godine u martu, što je mojim kolegama i meni dalo znaèajnu priliku da razmotrimo praktièna i suštinska pitanja, upoznamo se s novom sudnicom i da upoznamo naše posveæeno osoblje u Tanzaniji.
This was a most valuable meeting, which I hope will be repeated periodically.	Ovo je bio veoma dragocjen sastanak, a nadam se da de se takvi sastanci periodièno ponavljati.
Turning to our workload, I am pleased to note that the Appeal Judgement in the Karadžiæ case was delivered on 20 March 2019, representing a milestone for the Mechanism in the conclusion of one of its most significant cases.	U vezi s našim radom, sa zadovoljstvom napominjem da je Drugostepena presuda u predmetu Karadžiæ izrežena 20. marta 2019., što predstavlja istorijski trenutak za Mehanizam u zakljuèenju jednog od svojih najznaèajnijih predmeta.
Remarkably, the timely adjudication of the case was achieved despite changes in the Bench at a very late stage.	Valja napomenuti da je blagovremeno donošenje presude u ovom predmetu postignuto uprkos promjenama u Vijeæu u veoma kasnoj fazi.
I wish to particularly commend Judge Vagn Joensen, who took over as the Presiding Judge, and Judge Ivo Nelson de Caires Batista Rosa, who upon being newly assigned to the case was able to quickly take up the complex and large responsibilities entrusted to him.	Želim naroèito da pohvalim sudiju Vagna Joensena, koji je preuzeo dužnost predsjedavajuæeg sudije, te sudiju Ivu Nelsona de Caires Batista Rosu, koji je kao novi sudija rasporeðen na predmet bio u stanju da brzo preuzme složene i velike odgovornosti koje su mu povjerene.
In relation to the other ongoing cases in The Hague, I am likewise pleased to report that changes in late 2018 to the Bench assigned to the Mladiæ case have also not resulted in any delays to the appeal proceedings, which are progressing smoothly.	U vezi s drugim predmetima u kojima se vodi postupak u Haagu, takoðe mi je zadovoljstvo da izvijestim da promjene krajem 2018. godine u Vijeæu kojem je dodijeljen predmet Mladiæ takoðe nisu dovele ni do kakvih zastoja u žalbenom postupku, koji nesmetano napreduje.
I am grateful to the Presiding Judge, Judge Prisca Matimba Nyambe and the other Judges on the Bench, whose diligence together with that of the Chambers team has allowed the case to remain on track for conclusion by the end of 2020.	Zahvalan sam predsjedavajuæoj sutkinji, sutkinji Prisci, Matimba Nyambe, i drugim sudijama Vijeæa èiji je revnostan rad zajedno sa timom vijeæa omoguæio da okonèanje predmeta bude i dalje planirano za kraj 2020.
Solid progress is also being made in the Stanišiæ & Simatoviæ re-trial, with the Defence case underway as of 18 June 2019. 	Solidan napredak takoðe je ostvaren na ponovnom suðenju u predmetu Stanišiæ i Simatoviæ, u kom je od 18. juna 2019. u toku dokazni postupak odbrane.
Thanks to the dedication of the Presiding Judge, Judge Burton Hall and the rest of the Bench and assigned staff, the Trial Judgement in this case also remains on schedule for delivery by the end of 2020.	Zahvaljujuæi posveæenosti predsjedavajuæeg sudije, sudije Burtona Halla, i ostalih èlanova Vijeæa i dodijeljenog osoblja, Prvostepena presuda u ovom predmetu takoðe æe biti izrešena po rasporedu, do kraja 2020.
In Arusha, the Ngirabatware review proceedings are currently expected to be heard in September of this year.	U Arushi, trenutno se oèekuje da postupak preispitivanja u predmetu Ngirabatware bude održan u septembru ove godine.
As you may be aware, the replacement of Mr. Ngirabatware‘s counsel and the disclosure of voluminous material from a related contempt case resulted in the postponement of the review hearing, which had previously been scheduled for September 2018.	Kao što vam je možda poznato, zamjena branioca g. Ngirabatwarea i objelodanjivanje voluminoznog materijala iz povezanog predmeta zbog nepoštovanja suda doveli su do odgaðanja pretresa o preispitivanju, koji je prethodno bio zakazan za septembar 2018.
In addition to these proceedings, which relate to core crimes within the jurisdiction of the Mechanism, the Mechanism is seised of a number of cases pertaining to allegations of contempt of court.	Pored ovih postupaka, koji se odnose na osnovna krivièna djela u nadležnosti Mehanizma, Mehanizam rješava u brojnim predmetima koji se tièu navoda o nepoštovanju suda.
I refer in particular to the multi-accused Turinabo et al. Case, in which a Single Judge continues to conduct pre-trial proceedings and to deal with numerous motions filed by the five accused.	Posebno skreæem pažnju na predmet sa više optuðenih Turinabo i drugi, u kom sudija pojedinac nastavlja da vodi pretpretresni postupak i razmatra brojne zahtjeve koje je podnijelo petoro optuženih.
It is anticipated that the trial will start in October 2019 and conclude in the first semester of 2020.	Oèekuje se da æe suðenje zapoèeti u oktobru 2019. i biti zakljuèeno u prvom polugodištu 2020.
Here I would like to add that the Appeals Chamber, myself presiding, is also seised of several appeals of pre-trial decisions of the Single Judge, and is exerting its best efforts to ensure that these are adjudicated as expeditiously as possible, in order to allow the trial to start on time.	Ovdje želim dodati da žalbeno vijeæe, kojim lièno predsjedavam, takoðe rješava po više žalbi na pretpretresne odluke sudije pojedinca i èini sve u svojoj moæi da obezbijedi da odluke po njima budu donesene što je ekspeditivnije moguæe, kako bi se omoguæilo da suðenje zapoène na vrijeme.
Another contempt case, the case of Petar Jojiæ & Vjerica Radeta, is presently back before the Mechanism.	Drugi predmet zbog nepoštovanja suda, predmet Petar Jojiæ i Vjerica Radeta, sada je vraæen Mehanizmu.
This case was in 2018 referred to the authorities of Serbia for trial but was subsequently remanded back to a Single Judge following an appeal by the amicus curiae prosecutor.	Ovaj predmet je 2018. godine bio proslijeðen vlastima Srbije radi suðenja, ali je naknadno vraæen sudiji pojedincu po žalbi amicus curiae tužioca.
In May of this year, the Single Judge revoked the previous referral order and requested Serbia to transfer the accused to the Mechanism without delay.	U maju ove godine, sudija pojedinac povukao je nalog o prosljeðivanju i zatražio od Srbije da bez odlaganja preda optužene Mehanizmu.
While the two accused have not filed an appeal against this decision, Serbia has, and the matter is currently pending before the Appeals Chamber.	Iako to dvoje optuženih nisu uložili žalbu protiv ove odluke, Srbija jeste, tako da tu stvar sada rješava žalbeno vijeæe.
Mr President, What you have just heard relates to the most visible aspect of the Mechanism‘s mandate, namely its residual judicial workload.	Gospodine predsjednièe, ono što ste upravo èuli odnosi se na najvidljiviji aspekt mandata Mehanizma, odnosno na njegov rezidualni sudski rad.
It is clear that our trials and appeals, and especially our decisions, orders and judgements, are followed closely not only by the countries most affected by our work, namely Rwanda and those in the region of the former Yugoslavia, but other United Nations Member States and numerous stakeholders around the world.	Jasno je da naša suðenja i žalbeni postupci, a posebno naše odluke, nalozi i presude, pažljivo prate ne samo zemlje na koje naš rad najviše utièe, odnosno Ruanda i države u regionu bivše Jugoslavije, nego i druge države èlanice Ujedinjenih nacija i brojni zainteresovani širom svijeta.
Less attention, however, is paid to the Mechanism‘s additional statutory functions, which include protecting victims and witnesses, monitoring cases referred to national jurisdictions, preserving the archives of the ICTR, the ICTY and the Mechanism itself, addressing requests for assistance from national jurisdictions, and supervising the enforcement of sentences.	Manja pažnja se, meðutim, posveæuje dodatnim statutarnim funkcijama Mehanizma, koje ukljuèuju zaštitu žrtava i svjedoka, praæenje predmeta proslijeðenih nacionalnim jurisdikcijama, èuvanje arhiva MKSR-a, MKSJ-a i Mehanizma, razmatranje zahtjeva za pomoæ iz nacionalnih jurisdikcija, te nadzor nad sprovoðenjem kazni.
I would therefore like to share some of my reflections since assuming the Presidency on what it means to manage some of these residual matters, and will focus my remarks here on enforcement issues.	Stoga bih želio podijeliti neke od svojih refleksija od preuzimanja dužnosti predsjednika o tome šta znaèi upravljati nekim od ovih rezidualnih funkcija, i usredsrediæu svoje napomene ovdje na pitanja u vezi sa sprovoðenjem kazni.
My first observation may be an obvious one, namely that justice does not end with the delivery of a judgement.	Moja prva opservacija može biti oèigledna, naime to da pravda nije zadovoljena samim izricanjem presude.
I am referring here to post-conviction matters, which are a little-understood but crucial part of the Mechanism‘s work.	Mislim ovdje na stvari poslije izricanja osuðujuæe presude, koje predstavljaju malo shvaæen ali kljuèni dio rada Mehanizma.
The legal framework of the Mechanism grants me as President broad powers to supervise the enforcement of sentences, and I do not take these responsibilities lightly.	Pravni okvir Mehanizma daje meni kao predsjedniku široka ovlaštenja za nadzor nad sprovoðenjem kazni i ja te odgovornost ne shvatam olako.
Determinations as to where a convicted person will serve his or her sentence, whether he or she should be transferred to continue a sentence elsewhere, or whether a person may be eligible to be considered for early release, pardon or commutation of sentence, are extremely important.	Odluke o tome gdje æe osuðena osoba izdržavati svoju kaznu, da li on ili ona treba biti prebaèen/a da nastavi izdržavati kaznu negdje drugdje, odnosno da li neka osoba može ispuniti uslove da bude uzeta u obzir za prijevremeno puštanje na slobodu, pomilovanje ili ublažavanje kazne, krajnje su znaèajne.
They are also very sensitive, relating inter alia to the rights of detainees and concerning sentences imposed as a result of painstaking, often lengthy trial and appeal proceedings concerning the gravest violations of international criminal law.	One su takoðe veoma osjetljive, jer se odnose, izmeðu ostalog, na prava zatvorenika i na kazne izreèene kao rezultat mukotrpnih, èesto dugotrajnih suðenja i žalbenih postupaka u vezi s najtežim kršenjima meðunarodnog kriviènog prava.
My duty is and remains to apply the law, and I will continue to do so responsibly, thoroughly, and with as much transparency as possible.	Moja obaveza jeste i ostaje da primjenjujem pravo i nastaviæu to da èinim odgovorno, temeljito i sa što je moguæe više transparentnosti.
I would recall that, pursuant to the Mechanism‘s legal framework, such decisions involve the exercise of discretionary functions by the President, and require a careful case-by-case assessment and balancing of factors.	Podsjetio bih da se, na osnovu pravnog okvira Mehanizma, takve odluke tièu vršenja diskrecionih funkcija predsjednika, te iziskuju pažljivo ocjenjivanje i odmjeravanje faktora od sluèaja do sluèaja.
Second, as a judicial institution the Mechanism is bound to strictly observe its duty to safeguard the rights of all its detainees, whether subject to pending or ongoing proceedings or awaiting transfer to an Enforcement State.	Drugo, kao sudska institucija Mehanizam je obavezan da strogo poštuje svoju obavezu da štiti prava svih svojih zatvorenika, bilo da podliježu predstojeæim ili postupcima koji su u toku, bilo da èekaju na transfer u državu sprovoðenja kazne.
As of 5 December 2018, the Mechanism is now implementing a new regulatory framework on detention matters that I believe can serve as a model to other institutions.	Od 5. decembra 2018, Mehanizam sada primjenjuje novi regulatorni okvir za pitanja sprovoðenja kazni za koji vjerujem da može poslužiti kao model za druge institucije.
In this regard, the Mechanism has been guided by the need to harmonise practices between the Arusha and The Hague detention facilities, and by standards enunciated by the General Assembly through its adoption of the Nelson Mandela Rules (A/RES/70/175).	U tom pogledu, Mehanizam se rukovodi potrebom za usklaðivanjem prakse izmeðu pritvorskih jedinica u Arushi i Haagu, te standardima koje je usvojila Generalna skupština kada je usvojila Pravila Nelsona Mandele (A/RES/70/175).
Moreover, it has sought to build upon those standards through detailed procedures governing visits, communications, complaints, and disciplinary matters in a detention setting.	Pored toga, Mehanizam nastoji nadograditi te standarde kroz detaljne procedure za posjete, komunikacije, žalbe i disciplinske stvari u zatvorskom okruženju.
The Mechanism will continue to focus on ensuring that its implementation of this framework is also reflective of best practices in detention management.	Mehanizam æe i nadalje biti usredsreðen na obezbjeðivanje toga da njegova implementacija ovog okvira takoðe odražava najbolju praksu zatvorske uprave.
Third, in undertaking its enforcement functions, the Mechanism will continue to rely on the support of Member States and other key stakeholders.	Treæe, prilikom preduzimanja svojih funkcija sprovoðenja kazni, Mehanizam æe nastaviti da se oslanja na podršku država èlanica i drugih kljuènih zainteresovanih subjekata.
It is evident that in order to have an enduring impact on international peace and justice, we must all remain committed not only to having trials and appeals and active judicial processes, but also to what comes afterwards.	Oèigledno je da, kako bismo imali trajan uticaj na meðunarodni mir i pravdu, moramo svi ostati posveæeni ne samo suðenjima, žalbenim postupcima i aktivnim sudskim procesima, nego i onome što dolazi poslije toga.
In my six months as President, I have come to appreciate even more how complex the enforcement of sentences can be, and how precious such commitment is.	Za šest mjeseci na dužnosti predsjednika, još više sam shvatio koliko može biti složeno sprovoðenje kazni, te koliko je znaèajna ta obaveza.
In this regard, I would like to praise the critical role performed by Enforcement States that voluntarily assume additional responsibilities to further the cause of international justice.	U tom pogledu, želio bih pohvaliti kljuènu ulogu koju obavljaju države sprovoðenja kazni koje dobrovoljno preuzimaju dodatne odgovornosti radi unapreðenja stvari meðunarodnog pravosuða.
In particular, I wish to thank Austria, Benin, Denmark, Estonia, Finland, France, Germany, Italy, Mali, Norway, Poland, Senegal, Sweden and the United Kingdom for their generosity and ongoing support with regard to the Mechanism‘s enforcement functions.	Konkretno, želim zahvaliti Austriji, Beninu, Danskoj, Estoniji, Finskoj, Francuskoj, Njemaèkoj, Italiji, Maliju, Norveškoj, Poljskoj, Senegalu, Švedskoj i Ujedinjenom Kraljevstvu za njihovu velikodušnost i trajnu podršku u pogledu funkcija sprovoðenja kazni Mehanizma.
This exemplary cooperation is not only vital to the Mechanism‘s ability to fulfil its broader mandate, it is also a sign of the trust and credibility that our institution enjoys in the eyes of the international community.	Ova primjerna saradnja je ne samo kljuèna za sposobnost Mehanizma da sprovede svoj širi mandat, ona takoðe predstavlja znak povjerenja i kredibiliteta koje naša institicija uživa u oèima meðunarodne zajednice.
For that reason, I am compelled to raise a challenging and most unfortunate situation under the Mechanism‘s purview.	Iz tog razloga, moram navesti jednu situaciju u nadležnosti Mehanizma koja nam predstavlja izazov i veoma je neugodna.
I am referring to the fate of the nine acquitted and released persons that remain in Arusha, one since 2004, in an unacceptable legal limbo.	Mislim na sudbinu devet osoba koje su osloboðene od optužbi ili puštene na slobodu, a koje su i dalje u Arushi, jedna od njih još od 2004. godine, u neprihvatljivoj pravnoj neizvjesnosti.
These persons should be free to start a new life, having served their sentences or never been convicted in the first place, and yet they cannot.	Ove osobe bi trebale biti slobodne da zapoènu novi život, buduæi da su izdržale svoje kazne ili nikada nisu ni bile osuðene, a ipak to ne mogu.
While the Mechanism is doing all it can to find a long-term solution, the fate of these nine individuals is a responsibility it shares with the Member States of the United Nations, as was noted in Resolution 2422 (2018).	Iako Mehanizam èini sve u svojoj moæi da se iznaðe dugoroèno rješenje, sudbina ovih devet osoba predstavlja odgovornost koju on dijeli sa državama èlanicama Ujedinjenih nacija, kako je napomenuto u Rezoluciji 2422 (2018). 
More can, and must, be done to resolve this situation.	Može i mora biti uèinjeno više kako bi se razriješila ova situacija.
Mr President, it is of course a double pleasure for me to appear before the Security Council on the Day of International Criminal Justice - a day celebrating the achievements of international criminal courts and tribunals in delivering justice and holding to account those responsible for violations of international law.	Gospodine predsjednièe, naravno, dvostruko mi je zadovoljstvo što se pojavljujem pred Savjetom bezbjednosti na Dan meðunarodnog kriviènog pravosuða – dan koji slavi dostignuæa meðunarodnih kriviènih sudova i tribunala u sprovoðenju pravde i utvrðivanju odgovornosti osoba odgovornih za kršenja meðunarodnog prava.
Today we pay tribute to the vision and commitment of all of the individuals, organisations and stakeholders who have advocated, and continue to advocate for justice to be more than an abstract ideal. 	Danas odajemo poèast viziji iopredjeljenju svih osoba, organizacija i zainteresovanih strana koji su se zalagali i nastavljaju se zalagati za to da pravdu bude više od apstraktnog ideala.
The underlying reason for this important day, namely the adoption of the Rome Statute of the International Criminal Court, would not have been possible without the ICTY and the ICTR having paved the way for such a remarkable endeavour. 	Razlog u osnovi ovog znaèajnog dana, odnosno usvajanje Rimskog statuta Meðunarodnog kriviènog suda, ne bi bio moguæe bez MKSJ-a i MKSR-a, koji su utabali stazu za tako izuzetno dostignuæe.
The establishment of the Mechanism, as the successor institution to the two ad hoc Tribunals, further demonstrates the Council‘s commitment to principled accountability and your resolve to ensure that the closure of the Tribunals will not open the way for impunity to reign once more.	Osnivanje Mehanizma, kao institucije koja nasljeðuje dva ad hoc meðunarodna suda, dalje pokazuje opredijeljenost Savjeta za principijelnu odgovornost i vašu riješenost da obezbijedite da okonèanje rada meðunarodnih sudova ne otvori ponovo put vladavini nekažnjivosti.
On this day we are also called upon to remember that international criminal justice is not the responsibility of courts alone.	Ovog dana takoðe smo pozvani da zapamtimo da meðunarodno krivièno pravosuðe ne predstavlja odgovornost samo sudova.
All those who are committed to the rule of law have a vital part to play in the fight against impunity – and particularly now, when there is a resurgence in genocide denial and revisionism in both the former Yugoslavia and Rwanda.	Svi oni koji su posveæeni vladavini prava igraju kljuènu ulogu u borbi protiv nekažnjivosti – i to naroèito sada, kada ponovo dolazi do negiranja genocida i revizionizma i u bivšoj Jugoslaviji i Ruandi.
This includes by defending judicial processes and pronouncements, and speaking out against those who try to distort the truth as established by international and domestic courts.	To podrazumijeva odbrani sudskih postupaka i presuda, te izjašnjavanje protiv onih koji pokušavaju iskriviti istinu koju su utvrdili meðunarodni i domaæi sudovi.
Consequently, those who deny the legitimacy of the findings of the ICTY, the ICTR and the Mechanism must be reminded that you, the Security Council,, mandated these institutions – and no-one else – to investigate, prosecute, adjudicate and punish the crimes committed in the former Yugoslavia and Rwanda.	Shodno tome, one koji negiraju legitimitet zakljuèaka MKSJ-a, MKSR-a i Mehanizma mora se podsjetiti da ste vi, Savjet bezbjednosti, povjerili mandat ovim institucijama – i nikom drugom – da istraže, procesuiraju, presude i izreknu kazne za zloèine poèinjene u bivšoj Jugoslaviji i Ruandi.
Likewise, they must be reminded that the domestic courts are entrusted with continuing to carry out these functions, and not politicians or individuals. 	Isto tako, mora ih se podsjetiti da je domaæim sudovima povjereno da nastave da sprovode ove funkcije, a ne politièarima ili pojedincima.
I therefore call upon you all to defend and protect our judicial legacy, which established time and time again, beyond a reasonable doubt, that what the world witnessed both in 1994 and in 1995 was genocide, together with the gravest and most brutal of other international crimes.	Stoga vas sve pozivam da odbranimo i zaštitimo naše sudsko nasljeðe, koje je svaki put van razumne sumnje utvrdilo da je ono što je svijet vidio, i 1994. i 1995. godine, predstavljalo genocide, zajedno s najtežim i najbrutalnijim drugim meðunarodnim zloèinima.
International criminal justice concerns us all, because justice is in the service of peace, and peace must be maintained on a daily basis, as this distinguished Council knows all too well.	Meðunarodno krivièno pravosuðe tièe se svih nas, zbog toga što je pravda u službi mira, a mir se mora svakodnevno održavati, kao što je ovom uvaženom Savjetu isuviše dobro poznato.
The extent of the world‘s yearning for justice was made clear to me this April when I attended the Twenty-fifth Commemoration of the Genocide against the Tutsi, in Kigali, and again last week in Potoèari where I attended the Twenty-fourth Commemoration of the Srebrenica Genocide.	U kojoj mjeri svijet èezne za pravdom postalo mi je jasno ovog aprila u Kigaliju, kada sam prisustvovao dvadeset petoj komemoraciji genocida protiv Tutsija, te ponovo prošle sedmice u Potoèarima, gdje sam prisustvovao dvadeset èetvrtoj komemoraciji genocida u Srebrenici.
These occasions reinforced in me the firm belief that, while international justice takes time and costs money, for the victims and affected communities it is worth it, offering not only some form of closure but also a powerful way forward.	Ove prilike uèvrstile su me u snažnom uvjerenju da, iako je za meðunarodnu pravdu potrebno vremena i novca, ona je za žrtve i pogoðene zajednice vrijedna toga, jer nudi ne samo odreðeni oblik razriješenja nego i moæan put naprijed.
However, we must be mindful that justice has enemies as well, constantly seeking to make sure that countless atrocities throughout the globe remain unanswered.	Meðutim, moramo biti svjesni da pravda ima i neprijatelje, koji konstantno nastoje da sprijeèe da se odgovori na bezbrojna zvjerstva širom globusa.
Mr President, I am determined to do my utmost to maximise the Mechanism‘s ability to deliver meaningful justice and to fulfil all aspects of its mandate in an effective and efficient manner.	Gospodine predsjednièe, riješen sam da uèinim sve u svojoj moæi kako bi se do maksimuma dovela sposobnost Mehanizma da donese smislenu pravdu i ispuni sve aspekte svog mandata na efektivan i efikasan naèin.
My Colleagues the other Judges and the Mechanism‘s Principals, together with our exceptional staff, are equally committed to this task.	Moje kolege, druge sudije i èelnici Mehanizma, zajedno s našim izuzetnim osobljem, podjednako su posveæeni tom zadatku.
However, we cannot do it alone.	Meðutim, ne možemo to èiniti sami.
The success of international justice depends on sustained support and cooperation, today and every day.	Uspjeh meðunarodnog pravosuða ovisi o trajnoj podršci i saradnji, danas i svakoga dana.
I hope, and trust, that the Mechanism will continue to find such help in the esteemed Member States of this Council.	Nadam se i vjerujem da æe Mehanizam nastaviti da nailazi na takvu pomoæ cijenjenih država èlanica ovog Savjeta.
For your support thus far, I am extremely thankful.	Za vašu dosadašnju podršku izuzetno sam zahvalan.
Before concluding, please allow me, Mr President, to commend you on your Presidency for the month of July and to thank you in particular for your personal commitment and outstanding leadership as Chair of the Council‘s Informal Working Group on International Tribunals.	Prije nego što zakljuèim, molim vas dopustite mi, g. predsjednièe, da vas pohvalim za vaše predsjedavanje za juli, mjesec i da vam naroèito zahvalim za liènu posveæenost i izvrsno liderstvo u svojstvu predsjedavajuæeg Neformalne radne grupe Savjeta za meðunarodne sudove.
My recognition also goes to the Office of Legal Affairs and its dedicated team for their invaluable support.	Moje priznanje takoðe ide Službi za pravne poslove i njenom posvedæenom timu za njihovu dragocjenu podršku.
And last but not least, I wish to express my sincere gratitude for the continuing and excellent support provided by the two Host Countries of the Mechanism, the Kingdom of the Netherlands and the United Republic of Tanzania.	I na kraju, ali ne i najmanje važno, želim izraziti iskrenu zahvalnost za kontinuiranu i izvrsnu podršku koju pružaju dvije države domaæini Mehanizma, Kraljevina Nizozemska i Ujedinjena Republika Tanzanija.
Thank you for your attention.	Hvala vam na pažnji.
