ami-IS1001a.en.OS.mp3	00:15:09.14
ami-IS1001b.en.OS.mp3	00:35:16.80
ami-IS1001d.en.OS.mp3	00:13:01.06
antrecorp-01_teddy.en.OS.mp3	00:01:15.10
antrecorp-02_autocentrum-oa.en.OS.mp3	00:01:05.88
auditing-portuguese.en.OS.mp3	00:05:38.34
austrian.en.OS.mp3	00:10:31.43
dutch.en.OS.mp3	00:11:27.34
03_botel-proti-proudu.en.OS.mp3	00:01:28.03
04_g-t.en.OS.mp3	00:01:22.89
05_i-dodge.en.OS.mp3	00:01:26.02
06_masaze-petr-klic.en.OS.mp3	00:01:50.73
07_bucherinsel-west.en.OS.mp3	00:01:04.05
08_jizeran.en.OS.mp3	00:01:10.56
09_il-gabbiano.en.OS.mp3	00:01:30.93
10_magic-travel.en.OS.mp3	00:01:01.05
11_trefa.en.OS.mp3	00:01:44.72
12_fictionalcine.en.OS.mp3	00:01:21.19
13_don-bosco-barcelona.en.OS.mp3	00:01:08.31
14_llibres-i-revistes-edb.en.OS.mp3	00:01:18.05
15_brnkni.en.OS.mp3	00:01:39.08
16_develop-most.en.OS.mp3	00:01:39.16
17_tf-smart-team.en.OS.mp3	00:01:43.34
18_tf-magic-world.en.OS.mp3	00:01:52.25
19_be-beauty.en.OS.mp3	00:01:44.49
20_mela-e-piu.en.OS.mp3	00:01:09.93
21_hat-cap.en.OS.mp3	00:01:12.05
22_new-design-world.en.OS.mp3	00:01:18.94
23_pillowdream.en.OS.mp3	00:01:15.05
24_mole-g-p-technologies.en.OS.mp3	00:01:26.78
25_folkstyle.en.OS.mp3	00:01:33.23
26_tabacco-shop.en.OS.mp3	00:01:09.43
27_f-e-international-tour.en.OS.mp3	00:01:56.58
28_samanka.en.OS.mp3	00:00:52.06
29_salon-n-g.en.OS.mp3	00:01:14.42
30_appolonas.en.OS.mp3	00:00:46.05
31_devil-chocolate.en.OS.mp3	00:01:21.71
32_ck-remoa.en.OS.mp3	00:01:16.07
33_logistic-servis.en.OS.mp3	00:00:55.04
34_kol_action_accessoires.en.OS.mp3	00:01:00.47
35_f-e-time-travel-agency.en.OS.mp3	00:01:26.05
36_step-house.en.OS.mp3	00:01:17.06
37_caspowalk.en.OS.mp3	00:01:41.04
38_seta.en.OS.mp3	00:01:06.66
39_total-regal.en.OS.mp3	00:01:17.27
kaccNlwi6lUCEM.en.mkv	00:08:01.50
kach_fBMnB1i-0.en.mkv	00:01:18.66
kacjHPr-CuvHhs.en.mkv	00:02:47.42
kacMokI3Fi8jpc.en.mkv	00:02:22.02
kacwBCowBiXV7A.en.mkv	00:03:36.83
belgian.en.OS.mp3	00:24:18.19
polish.en.OS.mp3	00:21:17.86
romanian.en.OS.mp3	00:05:25.68
spanish.en.OS.mp3	00:26:12.55
belgian.en.RS.mp3	00:24:20.40
polish.en.RS.mp3	00:21:18.53
romanian.en.RS.mp3	00:05:27.26
spanish.en.RS.mp3	00:26:17.33
dominik.en.OS.mp3	
michal.en.OSt.mp3	
ondrej.en.OS.mp3	00:10:48.47
rudolf.en.OSt.mp3	
tomas.en.OS.mp3	00:07:01.92
moses.mp3	00:01:27.30
bat-bed.mp3	00:01:16.56
ck-remoa.mp3	00:01:16.02
kol-action.mp3	00:01:15.10
vase-sportarium.mp3	00:01:23.02
cukrovy-svet.mp3	00:01:19.07
ck-elio.mp3	00:01:15.81
cukrarna-na-oblacku.mp3	00:01:14.53
pen-hands.mp3	00:01:31.90
catering.mp3	00:01:19.73
toy-joy.mp3	00:01:17.71
en.OS.man-diar.mp4_16K.wav	00:01:36.08
en.OS.man-diar.mp4_16K.wav	00:02:11.45
en.OS.man-diar.mp4_16K.wav	00:01:24.99
en.OS.man-diar.mp4_16K.wav	00:00:57.89
en.OS.man-diar.mp4_16K.wav	00:00:58.79
en.OS.man-diar.mp4_16K.wav	00:02:12.91
en.OS.man-diar.mp4_16K.wav	00:01:33.72
en.OS.man-diar.mp4_16K.wav	00:01:58.79
en.OS.man-diar.mp4_16K.wav	00:02:58.89
en.OS.man-diar.mp4_16K.wav	00:01:05.90
en.OS.man-diar.mp4_16K.wav	00:00:24.85
en.OS.man-diar.mp4_16K.wav	00:01:37.87
en.OS.man-diar.mp4_16K.wav	00:01:11.35
en.OS.man-diar.mp4_16K.wav	00:01:18.30
en.OS.man-diar.mp4_16K.wav	00:01:07.64
en.OS.man-diar.mp4_16K.wav	00:01:07.50
en.OS.man-diar.mp4_16K.wav	00:02:49.69
en.OS.man-diar.mp4_16K.wav	00:01:12.82
en.OS.man-diar.mp4_16K.wav	00:02:26.84
en.OS.man-diar.mp4_16K.wav	00:01:40.89
en.OS.man-diar.mp4_16K.wav	00:02:15.91
en.OS.man-diar.mp4_16K.wav	00:05:33.51
en.OS.man-diar.mp4_16K.wav	00:01:36.18
en.OS.man-diar.mp4_16K.wav	00:01:02.35
en.OS.man-diar.mp4_16K.wav	00:02:39.87
en.OS.man-diar.mp4_16K.wav	00:01:03.25
en.OS.man-diar.mp4_16K.wav	00:02:08.87
en.OS.man-diar.mp4_16K.wav	00:00:59.91
en.OS.man-diar.mp4_16K.wav	00:01:15.19
en.OS.man-diar.mp4_16K.wav	00:02:14.72
en.OS.man-diar.mp4_16K.wav	00:02:26.98
en.OS.man-diar.mp4_16K.wav	00:00:31.95
en.OS.man-diar.mp4_16K.wav	00:00:38.27
en.OS.man-diar.mp4_16K.wav	00:01:07.20
en.OS.man-diar.mp4_16K.wav	00:01:11.54
en.OS.man-diar.mp4_16K.wav	00:02:23.13
en.OS.man-diar.mp4_16K.wav	00:02:08.71
en.OS.man-diar.mp4_16K.wav	00:00:58.58
en.OS.man-diar.mp4_16K.wav	00:01:04.62
en.OS.man-diar.mp4_16K.wav	00:01:11.66
en.OS.man-diar.mp4_16K.wav	00:02:26.29
en.OS.man-diar.mp4_16K.wav	00:01:43.35
en.OS.man-diar.mp4_16K.wav	00:00:59.07
en.OS.man-diar.mp4_16K.wav	00:01:12.56
en.OS.man-diar.mp4_16K.wav	00:02:38.57
en.OS.man-diar.mp4_16K.wav	00:01:23.34
en.OS.man-diar.mp4_16K.wav	00:01:05.71
en.OS.man-diar.mp4_16K.wav	00:00:34.57
en.OS.man-diar.mp4_16K.wav	00:01:05.99
en.OS.man-diar.mp4_16K.wav	00:00:53.71
en.OS.man-diar.mp4_16K.wav	00:03:22.08
en.OS.man-diar.mp4_16K.wav	00:02:05.81
en.OS.man-diar.mp4_16K.wav	00:02:50.62
en.OS.man-diar.mp4_16K.wav	00:01:08.15
en.OS.man-diar.mp4_16K.wav	00:04:30.12
en.OS.man-diar.mp4_16K.wav	00:01:21.83
en.OS.man-diar.mp4_16K.wav	00:02:13.70
en.OS.man-diar.mp4_16K.wav	00:01:36.43
en.OS.man-diar.mp4_16K.wav	00:02:09.08
en.OS.man-diar.mp4_16K.wav	00:01:08.68
en.OS.man-diar.mp4_16K.wav	00:01:46.90
en.OS.man-diar.mp4_16K.wav	00:01:25.08
en.OS.man-diar.mp4_16K.wav	00:01:39.43
en.OS.man-diar.mp4_16K.wav	00:04:14.65
en.OS.man-diar.mp4_16K.wav	00:01:09.75
en.OS.man-diar.mp4_16K.wav	00:01:14.05
en.OS.man-diar.mp4_16K.wav	00:00:54.75
en.OS.man-diar.mp4_16K.wav	00:02:11.84
en.OS.man-diar.mp4_16K.wav	00:01:40.22
en.OS.man-diar.mp4_16K.wav	00:02:14.65
en.OS.man-diar.mp4_16K.wav	00:01:12.82
en.OS.man-diar.mp4_16K.wav	00:01:59.95
en.OS.man-diar.mp4_16K.wav	00:01:06.01
en.OS.man-diar.mp4_16K.wav	00:01:15.70
en.OS.man-diar.mp4_16K.wav	00:00:56.45
en.OS.man-diar.mp4_16K.wav	00:01:35.55
en.OS.man-diar.mp4_16K.wav	00:01:56.31
en.OS.man-diar.mp4_16K.wav	00:04:06.27
en.OS.man-diar.mp4_16K.wav	00:01:19.85
en.OS.man-diar.mp4_16K.wav	00:04:41.29
en.OS.man-diar.mp4_16K.wav	00:00:37.13
en.OS.man-diar.mp4_16K.wav	00:01:25.24
en.OS.man-diar.mp4_16K.wav	00:01:09.40
en.OS.man-diar.mp4_16K.wav	00:02:22.69
en.OS.man-diar.mp4_16K.wav	00:01:15.37
en.OS.man-diar.mp4_16K.wav	00:03:36.87
en.OS.man-diar.mp4_16K.wav	00:01:12.54
en.OS.man-diar.mp4_16K.wav	00:01:38.20
en.OS.man-diar.mp4_16K.wav	00:02:11.22
en.OS.man-diar.mp4_16K.wav	00:01:55.66
en.OS.man-diar.mp4_16K.wav	00:01:09.59
en.OS.man-diar.mp4_16K.wav	00:00:54.06
en.OS.man-diar.mp4_16K.wav	00:01:28.82
en.OS.man-diar.mp4_16K.wav	00:04:34.00
en.OS.man-diar.mp4_16K.wav	00:02:06.11
en.OS.man-diar.mp4_16K.wav	00:00:33.72
en.OS.man-diar.mp4_16K.wav	00:01:13.33
en.OS.man-diar.mp4_16K.wav	00:01:12.68
en.OS.man-diar.mp4_16K.wav	00:03:34.23
en.OS.man-diar.mp4_16K.wav	00:01:17.95
en.OS.man-diar.mp4_16K.wav	00:01:10.29
en.OS.man-diar.mp4_16K.wav	00:02:29.44
en.OS.man-diar.mp4_16K.wav	00:01:03.00
en.OS.man-diar.mp4_16K.wav	00:01:41.19
en.OS.man-diar.mp4_16K.wav	00:01:21.85
en.OS.man-diar.mp4_16K.wav	00:01:37.64
en.OS.man-diar.mp4_16K.wav	00:00:55.75
en.OS.man-diar.mp4_16K.wav	00:04:06.90
en.OS.man-diar.mp4_16K.wav	00:02:35.88
en.OS.man-diar.mp4_16K.wav	00:01:06.01
en.OS.man-diar.mp4_16K.wav	00:01:11.70
en.OS.man-diar.mp4_16K.wav	00:01:50.50
en.OS.man-diar.mp4_16K.wav	00:02:05.29
en.OS.man-diar.mp4_16K.wav	00:01:12.77
en.OS.man-diar.mp4_16K.wav	00:00:57.01
en.OS.man-diar.mp4_16K.wav	00:01:18.11
en.OS.man-diar.mp4_16K.wav	00:01:15.63
en.OS.man-diar.mp4_16K.wav	00:01:28.96
en.OS.man-diar.mp4_16K.wav	00:02:21.94
en.OS.man-diar.mp4_16K.wav	00:01:05.57
en.OS.man-diar.mp4_16K.wav	00:00:31.56
en.OS.man-diar.mp4_16K.wav	00:01:04.06
en.OS.man-diar.mp4_16K.wav	00:01:05.27
en.OS.man-diar.mp4_16K.wav	00:02:19.83
en.OS.man-diar.mp4_16K.wav	00:01:13.82
en.OS.man-diar.mp4_16K.wav	00:01:29.95
en.OS.man-diar.mp4_16K.wav	00:01:24.40
en.OS.man-diar.mp4_16K.wav	00:02:51.04
en.OS.man-diar.mp4_16K.wav	00:01:21.66
en.OS.man-diar.mp4_16K.wav	00:01:30.95
en.OS.man-diar.mp4_16K.wav	00:01:12.98
en.OS.man-diar.mp4_16K.wav	00:01:00.12
en.OS.man-diar.mp4_16K.wav	00:01:15.44
en.OS.man-diar.mp4_16K.wav	00:01:10.75
en.OS.man-diar.mp4_16K.wav	00:00:51.39
en.OS.man-diar.mp4_16K.wav	00:02:30.30
en.OS.man-diar.mp4_16K.wav	00:02:02.32
en.OS.man-diar.mp4_16K.wav	00:00:48.85
en.OS.man-diar.mp4_16K.wav	00:01:25.17
en.OS.man-diar.mp4_16K.wav	00:02:27.77
en.OS.man-diar.mp4_16K.wav	00:01:04.39
en.OS.man-diar.mp4_16K.wav	00:02:49.27
en.OS.man-diar.mp4_16K.wav	00:01:13.07
en.OS.man-diar.mp4_16K.wav	00:02:09.64
en.OS.man-diar.mp4_16K.wav	00:01:08.15
en.OS.man-diar.mp4_16K.wav	00:01:33.60
en.OS.man-diar.mp4_16K.wav	00:03:14.56
en.OS.man-diar.mp4_16K.wav	00:01:33.41
en.OS.man-diar.mp4_16K.wav	00:02:26.68
en.OS.man-diar.mp4_16K.wav	00:01:43.17
en.OS.man-diar.mp4_16K.wav	00:04:00.07
en.OS.man-diar.mp4_16K.wav	00:02:13.49
en.OS.man-diar.mp4_16K.wav	00:01:02.95
en.OS.man-diar.mp4_16K.wav	00:01:06.71
en.OS.man-diar.mp4_16K.wav	00:01:43.79
en.OS.man-diar.mp4_16K.wav	00:01:10.64
en.OS.man-diar.mp4_16K.wav	00:02:09.29
en.OS.man-diar.mp4_16K.wav	00:00:46.46
en.OS.man-diar.mp4_16K.wav	00:01:13.24
en.OS.man-diar.mp4_16K.wav	00:01:19.88
en.OS.man-diar.mp4_16K.wav	00:01:16.37
en.OS.man-diar.mp4_16K.wav	00:00:35.69
en.OS.man-diar.mp4_16K.wav	00:04:28.86
en.OS.man-diar.mp4_16K.wav	00:02:19.71
en.OS.man-diar.mp4_16K.wav	00:02:13.84
en.OS.man-diar.mp4_16K.wav	00:00:40.17
en.OS.man-diar.mp4_16K.wav	00:00:58.26
en.OS.man-diar.mp4_16K.wav	00:00:48.00
en.OS.man-diar.mp4_16K.wav	00:00:39.01
en.OS.man-diar.mp4_16K.wav	00:01:20.57
en.OS.man-diar.mp4_16K.wav	00:01:21.92
en.OS.man-diar.mp4_16K.wav	00:01:51.66
en.OS.man-diar.mp4_16K.wav	00:01:21.73
en.OS.man-diar.mp4_16K.wav	00:01:09.54
en.OS.man-diar.mp4_16K.wav	00:01:56.15
en.OS.man-diar.mp4_16K.wav	00:01:01.53
en.OS.man-diar.mp4_16K.wav	00:00:26.56
en.OS.man-diar.mp4_16K.wav	00:01:13.07
en.OS.man-diar.mp4_16K.wav	00:07:43.49
